title,club,region,date,format,entry_fee,source_note
Junior Open,Radyr Golf Club,South,2026-08-17,Individual Strokeplay,15.00,Manually verify current listing before publishing
Junior Open,Vale of Llangollen Golf Club,North,2026-08-23,Individual Stableford,15.00,Manually verify current listing before publishing
Junior Open,Wrexham Golf Club,North,2026-08-23,Individual Stableford,15.00,Manually verify current listing before publishing
Junior Open,St. Melyd Golf Club,North,2026-08-23,Individual Strokeplay,10.00,Manually verify current listing before publishing
Junior Open,Llantrisant & Pontyclun Golf Club,South,2026-08-23,Individual Strokeplay,12.50,Manually verify current listing before publishing
Junior Open,Cardiff Golf Club,South,2026-08-26,Individual Strokeplay,15.00,Manually verify current listing before publishing
Junior Open,Conwy Golf Club,North,2026-08-26,Individual Strokeplay,30.00,Manually verify current listing before publishing
Junior Open,Abergele Golf Club,North,2026-08-25,Individual Strokeplay,10.00,Manually verify current listing before publishing
Junior Open,Llandudno (Maesdu) Golf Club,North,2026-09-13,Individual Stableford,7.50,Manually verify current listing before publishing
Junior Open,Neath Golf Club,South,2026-10-03,Individual Strokeplay,TBC,Manually verify current listing before publishing
Junior Open,Royal Porthcawl Golf Club,South,2026-10-27,Individual Strokeplay,25.00,Manually verify current listing before publishing
Junior Open,Ashburnham Golf Club,South,2027-07-27,Individual Strokeplay,10.00,Manually verify current listing before publishing
